<?xml version="1.0" encoding="UTF-8"?>
<project-private xmlns="http://www.netbeans.org/ns/project-private/1">
    <editor-bookmarks xmlns="http://www.netbeans.org/ns/editor-bookmarks/2" lastBookmarkId="0"/>
    <open-files xmlns="http://www.netbeans.org/ns/projectui-open-files/2">
        <group>
            <file>file:/J:/htdocs/weboldalszakdoga/gallery.php</file>
            <file>file:/J:/htdocs/weboldalszakdoga/html/loginform.html</file>
            <file>file:/J:/htdocs/weboldalszakdoga/js/login.js</file>
            <file>file:/J:/htdocs/weboldalszakdoga/html/header.html</file>
            <file>file:/J:/htdocs/weboldalszakdoga/config/connect.php</file>
            <file>file:/J:/htdocs/weboldalszakdoga/products.php</file>
            <file>file:/J:/htdocs/weboldalszakdoga/php/login.php</file>
            <file>file:/J:/htdocs/weboldalszakdoga/php/logout.php</file>
            <file>file:/J:/htdocs/weboldalszakdoga/index.php</file>
            <file>file:/J:/htdocs/weboldalszakdoga/config/functions.php</file>
            <file>file:/J:/htdocs/weboldalszakdoga/html/logout.html</file>
        </group>
    </open-files>
</project-private>
